,X1,cause,effect,doc_ind,sentence_ind
1,0,Xother,Xtransformer,1,1
2,1,Xother,Xtransformer,1,1
3,2,Xcontrol,Xtransformer,1,1
4,3,Xother,Xbreather,2,1
5,4,Xbreather,Xbreather,2,1
6,5,Xseal,Xtransformer,3,1
7,6,Xcontrol,Xtransformer,3,1
8,7,Xlevellow,Xtransformer,4,1
9,8,Xlevelinc,Xtransformer,4,1
10,9,Xother,Xtransformer,5,1
11,10,Xind,Xtransformer,5,1
12,11,Xind,Xtransformer,5,1
13,12,Xlevellow,Xtransformer,6,1
14,13,Xlevellow,Xtransformer,6,1
15,14,Xlevelinc,Xtransformer,6,1
16,15,Xlevelinc,Xtransformer,6,1
17,16,Xseal,Xtransformer,7,1
18,17,Xseal,Xtransformer,7,1
19,20,Xother,Xbreather,8,1
20,21,Xother,Xbreather,8,1
21,22,Xcontrol,Xbreather,8,1
22,23,Xother,Xmaint,9,1
23,24,Xbreather,Xmaint,9,1
24,25,Xother,Xmaint,10,1
25,26,Xbreather,Xmaint,10,1
26,27,Xseal,Xmaint,11,1
27,28,Xbreather,Xmaint,11,1
28,29,Xseal,Xmaint,12,1
29,30,Xbreather,Xmaint,12,1
30,31,Xtransformer,Xmaint,12,1
31,32,Xbreather,Xmaint,12,1
32,33,Xtransformer,Xbreather,12,1
33,34,Xtransformer,Xmaint,12,1
34,35,Xseal,Xtransformer,12,1
35,36,Xseal,Xbreather,12,1
36,37,Xseal,Xmaint,12,1
37,38,Xbreather,Xtransformer,12,1
38,39,Xbreather,Xbreather,12,1
39,40,Xbreather,Xmaint,12,1
40,41,Xtemp,Xalarm,13,1
41,42,Xlevellow,Xtemp,13,1
42,43,Xlevellow,Xalarm,13,1
43,44,Xlevelinc,Xtemp,13,1
44,45,Xlevelinc,Xalarm,13,1
45,46,Xtransformer,Xlevellow,14,1
46,47,Xtransformer,Xlevellow,14,1
47,49,Xlevellow,Xtransformer,14,1
48,50,Xlevellow,Xlevellow,14,1
49,51,Xlevelinc,Xlevellow,14,1
50,52,Xlevelinc,Xtransformer,14,1
51,53,Xlevelinc,Xlevellow,14,1
52,55,Xlevellow,Xlevelinc,15,1
53,56,Xlevellow,Xtransformer,16,1
54,57,Xlevellow,Xalarm,16,1
55,58,Xlevelinc,Xtransformer,16,1
56,59,Xlevelinc,Xalarm,16,1
57,60,Xlevellow,Xtransformer,17,1
58,61,Xlevelinc,Xtransformer,17,1
59,62,Xlevellow,Xtransformer,18,1
60,63,Xlevelinc,Xtransformer,18,1
61,64,Xseal,Xtransformer,19,1
62,65,Xseal,Xtransformer,19,1
63,66,Xind,Xtransformer,19,1
64,67,Xind,Xtransformer,19,1
65,68,Xind,Xtransformer,19,1
66,69,Xind,Xtransformer,19,1
67,70,Xother,Xtransformer,20,1
68,71,Xbreather,Xtransformer,20,1
69,72,Xother,Xbreather,21,1
70,73,Xseal,Xmaint,22,1
71,74,Xbreather,Xmaint,22,1
72,75,Xother,Xtransformer,23,1
73,76,Xother,Xlevellow,23,1
74,77,Xind,Xtransformer,23,1
75,78,Xind,Xlevellow,23,1
76,79,Xind,Xtransformer,23,1
77,80,Xind,Xlevellow,23,1
78,82,Xlevellow,Xlevelinc,24,1
79,83,Xother,Xalarm,24,2
80,84,Xlevellow,Xalarm,24,2
81,85,Xalarm,Xlevelinc,24,2
82,86,Xother,Xlevelinc,24,2
83,88,Xseal,Xind,25,2
84,89,Xseal,Xind,25,2
85,90,Xseal,Xmaint,26,1
86,91,Xseal,Xseal,26,1
87,92,Xseal,Xmaint,26,1
88,93,Xind,Xseal,26,1
89,94,Xind,Xmaint,26,1
90,95,Xind,Xseal,26,1
91,96,Xind,Xmaint,26,1
92,97,Xseal,Xtransformer,27,1
93,98,Xseal,Xtransformer,27,1
94,99,Xbreather,Xtransformer,27,1
95,100,Xbreather,Xtransformer,27,1
96,101,Xmaint,Xmaint,28,1
97,102,Xseal,Xmaint,28,1
98,103,Xseal,Xmaint,28,1
99,104,Xleak,Xmaint,28,1
100,105,Xleak,Xmaint,28,1
101,106,Xseal,Xtransformer,29,1
102,107,Xbreather,Xtransformer,29,1
103,108,Xseal,Xalarm,30,1
104,110,Xtransformer,Xalarm,31,1
105,111,Xtransformer,Xalarm,31,1
106,112,Xlevellow,Xother,32,1
107,113,Xlevellow,Xother,32,1
108,114,Xlevellow,Xmaint,32,1
109,115,Xlevelinc,Xother,32,1
110,116,Xlevelinc,Xother,32,1
111,117,Xlevelinc,Xmaint,32,1
112,119,Xlevellow,Xmaint,33,1
113,120,Xlevelinc,Xlevellow,33,1
114,121,Xlevelinc,Xmaint,33,1
115,122,Xseal,Xleak,34,1
116,123,Xseal,Xmaint,34,1
117,124,Xseal,Xmaint,34,1
118,125,Xleak,Xmaint,34,1
119,126,Xseal,Xleak,35,1
120,127,Xseal,Xmaint,35,1
121,128,Xseal,Xmaint,35,1
122,129,Xleak,Xmaint,35,1
123,130,Xother,Xmaint,36,1
124,131,Xbreather,Xmaint,36,1
125,132,Xseal,Xtransformer,37,1
126,133,Xcontrol,Xtransformer,37,1
127,135,Xlevellow,Xmaint,38,1
128,136,Xlevelinc,Xlevellow,38,1
129,137,Xlevelinc,Xmaint,38,1
130,138,Xlevellow,Xmaint,39,1
131,139,Xlevelinc,Xmaint,39,1
132,141,Xlevellow,Xlevelinc,39,1
133,142,Xlevellow,Xmaint,39,1
134,143,Xlevelinc,Xlevellow,39,1
135,145,Xlevelinc,Xmaint,39,1
136,146,Xother,Xtransformer,40,1
137,147,Xcontrol,Xtransformer,40,1
138,148,Xseal,Xmaint,41,1
139,149,Xbreather,Xmaint,41,1
140,150,Xseal,Xmaint,42,1
141,152,Xother,Xtransformer,43,1
142,153,Xother,Xtransformer,43,1
143,154,Xcontrol,Xtransformer,43,1
144,155,Xother,Xtransformer,44,1
145,156,Xother,Xtransformer,44,1
146,157,Xcontrol,Xtransformer,44,1
147,158,Xlevellow,Xmaint,45,1
148,159,Xlevellow,Xmaint,45,1
149,161,Xlevellow,Xlevellow,45,1
150,162,Xlevellow,Xmaint,45,1
151,163,Xlevelinc,Xlevellow,45,1
152,164,Xlevelinc,Xlevellow,45,1
153,165,Xlevelinc,Xmaint,45,1
154,166,Xind,Xmaint,46,1
155,167,Xlevellow,Xmaint,46,1
156,168,Xind,Xmaint,46,1
157,169,Xind,Xmaint,46,1
158,171,Xlevellow,Xlevelinc,47,1
159,172,Xlevellow,Xmaint,47,1
160,173,Xlevellow,Xmaint,47,1
161,174,Xlevelinc,Xmaint,47,1
162,175,Xseal,Xmaint,48,1
163,176,Xbreather,Xmaint,48,1
164,178,Xlevellow,Xlevelinc,49,1
165,179,Xlevellow,Xmaint,49,1
166,180,Xlevellow,Xmaint,49,1
167,181,Xlevellow,Xmaint,49,1
168,182,Xlevellow,Xmaint,49,1
169,183,Xlevelinc,Xmaint,49,1
170,184,Xlevelinc,Xmaint,49,1
171,185,Xother,Xtransformer,50,1
172,186,Xind,Xtransformer,50,1
173,187,Xind,Xtransformer,50,1
174,188,Xother,Xmaint,51,1
175,189,Xother,Xmaint,51,1
176,192,Xcontrol,Xmaint,51,1
177,193,Xcontrol,Xmaint,51,1
178,194,Xother,Xcontrol,51,1
179,195,Xother,Xmaint,51,1
180,196,Xother,Xmaint,51,1
181,200,Xother,Xmaint,52,1
182,201,Xbreather,Xmaint,52,1
183,203,Xlevellow,Xlevelinc,53,1
184,204,Xmaint,Xmaint,53,2
185,205,Xmaint,Xlevellow,53,2
186,206,Xlevellow,Xmaint,53,2
187,207,Xmaint,Xmaint,53,2
188,208,Xseal,Xtransformer,54,1
189,210,Xother,Xbreather,55,1
190,211,Xother,Xbreather,55,1
191,212,Xcontrol,Xbreather,55,1
192,213,Xother,Xother,56,1
193,214,Xother,Xmaint,57,1
194,215,Xbreather,Xmaint,57,1
195,216,Xother,Xtransformer,58,1
196,217,Xbreather,Xtransformer,58,1
197,218,Xother,Xmaint,59,1
198,219,Xbuch,Xmaint,59,1
199,221,Xlevellow,Xlevelinc,60,1
200,222,Xlevellow,Xmaint,60,1
201,223,Xlevellow,Xmaint,60,1
202,224,Xlevelinc,Xmaint,60,1
203,226,Xlevellow,Xlevelinc,61,1
204,227,Xlevellow,Xmaint,61,1
205,228,Xlevellow,Xmaint,61,1
206,229,Xlevelinc,Xmaint,61,1
207,230,Xother,Xbreather,62,1
208,231,Xother,Xmaint,62,1
209,232,Xother,Xmaint,62,1
210,233,Xbreather,Xmaint,62,1
211,234,Xseal,Xind,63,1
212,235,Xseal,Xind,63,1
213,236,Xseal,Xmaint,63,1
214,237,Xseal,Xmaint,63,1
215,238,Xind,Xmaint,63,1
216,239,Xind,Xmaint,63,1
217,240,Xseal,Xmaint,64,1
218,241,Xleak,Xmaint,64,1
219,242,Xlevellow,Xmaint,65,1
220,243,Xlevelinc,Xmaint,65,1
221,244,Xlevellow,Xmaint,66,1
222,245,Xlevelinc,Xmaint,66,1
223,246,Xind,Xbuch,67,1
224,247,Xind,Xmaint,67,1
225,248,Xlevellow,Xbuch,67,1
226,249,Xlevellow,Xmaint,67,1
227,250,Xind,Xmaint,67,1
228,251,Xlevellow,Xmaint,67,1
229,252,Xbuch,Xmaint,67,1
230,253,Xother,Xbuch,68,1
231,254,Xother,Xother,69,1
232,255,Xother,Xother,69,1
233,256,Xother,Xother,69,1
234,257,Xother,Xbuch,70,1
235,258,Xother,Xmaint,70,1
236,259,Xother,Xmaint,70,1
237,260,Xbuch,Xmaint,70,1
238,261,Xind,Xmaint,71,1
239,262,Xind,Xmaint,71,1
240,263,Xlevellow,Xmaint,71,1
241,264,Xlevellow,Xmaint,71,1
242,265,Xind,Xmaint,71,1
243,266,Xind,Xmaint,71,1
244,267,Xind,Xmaint,71,1
245,268,Xind,Xmaint,71,1
246,269,Xind,Xmaint,72,1
247,270,Xind,Xmaint,72,1
248,271,Xlevellow,Xmaint,72,1
249,272,Xlevellow,Xmaint,72,1
250,273,Xind,Xmaint,72,1
251,274,Xind,Xmaint,72,1
252,275,Xind,Xmaint,72,1
253,276,Xind,Xmaint,72,1
254,277,Xind,Xmaint,73,1
255,278,Xind,Xmaint,73,1
256,279,Xlevellow,Xmaint,73,1
257,280,Xlevellow,Xmaint,73,1
258,281,Xind,Xmaint,73,1
259,282,Xind,Xmaint,73,1
260,283,Xind,Xmaint,73,1
261,284,Xind,Xmaint,73,1
262,285,Xother,Xmaint,74,1
263,286,Xleak,Xmaint,74,1
264,287,Xleak,Xmaint,75,1
265,288,Xseal,Xleak,75,1
266,289,Xseal,Xmaint,75,1
267,291,Xleak,Xmaint,75,1
268,292,Xind,Xmaint,76,1
269,293,Xlevellow,Xmaint,76,1
270,294,Xind,Xmaint,76,1
271,295,Xind,Xmaint,76,1
272,296,Xind,Xmaint,77,1
273,297,Xlevellow,Xmaint,77,1
274,298,Xind,Xmaint,77,1
275,299,Xind,Xmaint,77,1
276,300,Xseal,Xbreather,78,1
277,301,Xseal,Xmaint,78,1
278,302,Xseal,Xmaint,78,1
279,303,Xbreather,Xmaint,78,1
280,304,Xseal,Xmaint,79,1
281,305,Xbreather,Xmaint,79,1
282,306,Xseal,Xmaint,80,1
283,307,Xbreather,Xmaint,80,1
284,308,Xseal,Xtransformer,81,1
285,310,Xother,Xtransformer,82,1
286,311,Xother,Xtransformer,82,1
287,312,Xcontrol,Xtransformer,82,1
288,313,Xother,Xtransformer,83,1
289,314,Xother,Xtransformer,83,1
290,315,Xcontrol,Xtransformer,83,1
291,316,Xother,Xtransformer,84,1
292,317,Xother,Xtransformer,84,1
293,318,Xcontrol,Xtransformer,84,1
294,320,Xlevellow,Xlevelinc,85,1
295,321,Xlevellow,Xtransformer,86,1
296,322,Xlevelinc,Xtransformer,86,1
297,323,Xlevellow,Xtransformer,87,1
298,324,Xlevelinc,Xtransformer,87,1
299,325,Xlevellow,Xtransformer,88,1
300,326,Xlevellow,Xtransformer,88,1
301,327,Xlevelinc,Xtransformer,88,1
302,328,Xlevelinc,Xtransformer,88,1
303,330,Xseal,Xleak,90,1
304,331,Xseal,Xmaint,90,1
305,332,Xseal,Xmaint,90,1
306,333,Xleak,Xmaint,90,1
307,334,Xfloat,Xmaint,91,1
308,335,Xbuch,Xmaint,91,1
309,336,Xbuch,Xmaint,91,1
310,337,Xseal,Xtransformer,92,1
311,338,Xbreather,Xtransformer,92,1
312,339,Xseal,Xbuch,93,1
313,340,Xseal,Xmaint,94,1
314,341,Xseal,Xmaint,94,1
315,344,Xmaint,Xmaint,95,1
316,345,Xcontrol,Xmaint,95,1
317,346,Xcontrol,Xmaint,95,1
318,347,Xseal,Xmaint,95,1
319,348,Xseal,Xcontrol,95,1
320,349,Xseal,Xcontrol,95,1
321,350,Xseal,Xmaint,95,1
322,351,Xbreather,Xmaint,95,1
323,352,Xbreather,Xcontrol,95,1
324,353,Xbreather,Xcontrol,95,1
325,354,Xbreather,Xmaint,95,1
326,355,Xseal,Xmaint,96,1
327,356,Xleak,Xmaint,96,1
328,358,Xseal,Xleak,96,1
329,359,Xseal,Xmaint,96,1
330,360,Xseal,Xseal,96,1
331,361,Xseal,Xleak,96,1
332,362,Xseal,Xmaint,96,1
333,363,Xbuch,Xseal,96,1
334,364,Xbuch,Xleak,96,1
335,365,Xbuch,Xmaint,96,1
336,366,Xother,Xtransformer,97,1
337,367,Xbuch,Xtransformer,97,1
338,368,Xind,Xind,98,1
339,369,Xind,Xmaint,98,1
340,370,Xind,Xmaint,98,1
341,372,Xind,Xmaint,98,1
342,373,Xind,Xmaint,98,1
343,374,Xind,Xind,98,1
344,375,Xind,Xmaint,98,1
345,376,Xind,Xmaint,98,1
346,377,Xseal,Xmaint,99,1
347,378,Xseal,Xcontrol,99,1
348,379,Xbreather,Xmaint,99,1
349,380,Xbreather,Xcontrol,99,1
350,381,Xother,Xtransformer,100,1
351,382,Xother,Xalarm,100,1
352,383,Xother,Xtransformer,101,1
353,384,Xother,Xcontrol,101,1
354,385,Xother,Xtransformer,101,1
355,386,Xother,Xcontrol,101,1
356,387,Xfloat,Xmaint,102,1
357,388,Xbuch,Xmaint,102,1
358,389,Xleak,Xlevellow,103,1
359,390,Xseal,Xlevellow,103,1
360,391,Xseal,Xleak,103,1
361,392,Xleak,Xlevellow,103,1
362,394,Xother,Xtransformer,104,1
363,395,Xother,Xtransformer,104,1
364,396,Xother,Xtransformer,104,1
365,397,Xlevellow,Xtransformer,105,1
366,398,Xlevellow,Xtransformer,105,1
367,399,Xlevelinc,Xtransformer,105,1
368,400,Xlevelinc,Xtransformer,105,1
369,401,Xother,Xind,106,1
370,402,Xother,Xmaint,106,1
371,403,Xother,Xmaint,106,1
372,404,Xind,Xmaint,106,1
373,405,Xbreather,Xbreather,107,1
374,406,Xbreather,Xmaint,107,1
375,407,Xbreather,Xmaint,107,1
376,408,Xbreather,Xmaint,107,1
377,409,Xseal,Xtransformer,108,1
378,411,Xlevellow,Xmaint,109,1
379,412,Xlevelinc,Xmaint,109,1
380,413,Xother,Xmaint,109,1
381,414,Xlevellow,Xmaint,110,1
382,415,Xlevelinc,Xmaint,110,1
383,416,Xseal,Xmaint,111,1
384,417,Xseal,Xmaint,111,1
385,418,Xbreather,Xmaint,111,1
386,419,Xbreather,Xmaint,111,1
387,420,Xother,Xtransformer,112,1
388,421,Xother,Xtransformer,112,1
389,422,Xcontrol,Xtransformer,112,1
390,423,Xother,Xbreather,113,1
391,424,Xlevellow,Xtransformer,114,1
392,425,Xlevelinc,Xtransformer,114,1
393,426,Xlevellow,Xlevelinc,115,1
394,428,Xlevellow,Xmaint,117,1
395,429,Xlevelinc,Xmaint,117,1
396,430,Xlevellow,Xmaint,118,1
397,431,Xlevelinc,Xmaint,118,1
398,432,Xbuch,Xmaint,119,1
399,433,Xbuch,Xmaint,119,1
400,434,Xseal,Xbuch,119,1
401,435,Xseal,Xmaint,119,1
402,436,Xseal,Xmaint,119,1
403,437,Xbreather,Xbuch,119,1
404,438,Xbreather,Xmaint,119,1
405,439,Xbreather,Xmaint,119,1
406,440,Xlevellow,Xmaint,120,1
407,441,Xlevelinc,Xmaint,120,1
408,442,Xalarm,Xmaint,121,1
409,443,Xother,Xmaint,122,1
410,444,Xbreather,Xmaint,122,1
411,445,Xalarm,Xmaint,123,1
412,446,Xother,Xalarm,123,1
413,447,Xother,Xmaint,123,1
414,448,Xind,Xalarm,123,1
415,449,Xind,Xmaint,123,1
416,450,Xind,Xalarm,123,1
417,451,Xind,Xmaint,123,1
418,452,Xseal,Xbreather,124,1
419,453,Xseal,Xmaint,124,1
420,454,Xseal,Xmaint,124,1
421,455,Xbreather,Xmaint,124,1
422,456,Xother,Xtransformer,125,1
423,457,Xind,Xtransformer,125,1
424,458,Xind,Xtransformer,125,1
425,459,Xseal,Xmaint,126,1
426,460,Xseal,Xmaint,126,1
427,461,Xind,Xmaint,126,1
428,462,Xind,Xmaint,126,1
429,463,Xind,Xmaint,126,1
430,464,Xind,Xmaint,126,1
431,465,Xseal,Xbreather,127,1
432,466,Xbreather,Xbreather,127,1
433,468,Xlevellow,Xlevelinc,128,1
434,469,Xlevellow,Xmaint,128,1
435,470,Xlevellow,Xmaint,128,1
436,471,Xlevelinc,Xmaint,128,1
437,472,Xlevellow,Xbuch,129,1
438,473,Xlevelinc,Xbuch,129,1
439,474,Xother,Xbuch,130,1
440,475,Xseal,Xmaint,131,1
441,476,Xleak,Xmaint,131,1
442,477,Xother,Xmaint,132,1
443,478,Xother,Xmaint,132,1
444,479,Xmaint,Xmaint,132,1
445,480,Xlevellow,Xother,132,1
446,481,Xlevellow,Xother,132,1
447,482,Xlevellow,Xmaint,132,1
448,483,Xlevellow,Xmaint,132,1
449,484,Xlevelinc,Xother,132,1
450,485,Xlevelinc,Xother,132,1
451,486,Xlevelinc,Xmaint,132,1
452,487,Xlevelinc,Xmaint,132,1
453,488,Xlevellow,Xtransformer,133,1
454,489,Xlevelinc,Xtransformer,133,1
455,491,Xlevellow,Xother,134,1
456,492,Xlevellow,Xalarm,135,1
457,493,Xlevelinc,Xalarm,135,1
458,494,Xlevellow,Xmaint,136,1
459,495,Xlevelinc,Xmaint,136,1
460,496,Xleak,Xmaint,137,1
461,497,Xlevellow,Xleak,137,1
462,498,Xlevellow,Xmaint,137,1
463,499,Xlevelinc,Xleak,137,1
464,500,Xlevelinc,Xmaint,137,1
465,501,Xseal,Xmaint,138,1
466,502,Xleak,Xmaint,138,1
467,504,Xlevellow,Xlevelinc,139,1
468,506,Xlevellow,Xlevelinc,140,1
469,508,Xlevellow,Xlevelinc,141,1
470,510,Xlevellow,Xlevelinc,142,1
471,511,Xlevellow,Xmaint,142,1
472,512,Xlevellow,Xmaint,142,1
473,513,Xlevelinc,Xmaint,142,1
474,514,Xother,Xbreather,143,1
475,515,Xother,Xmaint,143,1
476,516,Xother,Xcontrol,143,1
477,517,Xother,Xmaint,143,1
478,518,Xother,Xcontrol,143,1
479,519,Xbreather,Xmaint,143,1
480,520,Xbreather,Xcontrol,143,1
481,522,Xlevellow,Xlevelinc,144,1
482,523,Xlevellow,Xmaint,144,1
483,524,Xlevellow,Xmaint,144,1
484,525,Xlevelinc,Xmaint,144,1
485,526,Xbreather,Xmaint,145,1
486,527,Xseal,Xbreather,145,1
487,528,Xseal,Xmaint,145,1
488,529,Xbreather,Xbreather,145,1
489,530,Xbreather,Xmaint,145,1
490,532,Xother,Xmaint,146,1
491,533,Xother,Xmaint,146,1
492,535,Xother,Xmaint,146,1
493,536,Xother,Xmaint,146,1
494,537,Xcontrol,Xother,146,1
495,538,Xcontrol,Xmaint,146,1
496,539,Xcontrol,Xmaint,146,1
497,540,Xother,Xbreather,147,1
498,541,Xother,Xmaint,147,1
499,542,Xother,Xmaint,147,1
500,543,Xbreather,Xmaint,147,1
501,544,Xseal,Xtransformer,148,1
502,545,Xbreather,Xtransformer,148,1
503,546,Xother,Xind,149,1
504,547,Xother,Xind,149,1
505,548,Xother,Xseal,149,2
506,549,Xseal,Xtransformer,150,1
507,550,Xbreather,Xtransformer,150,1
508,551,Xmaint,Xmaint,151,1
509,552,Xmaint,Xalarm,151,1
510,553,Xseal,Xmaint,151,1
511,554,Xseal,Xmaint,151,1
512,555,Xseal,Xalarm,151,1
513,556,Xother,Xmaint,151,1
514,557,Xother,Xmaint,151,1
515,558,Xother,Xalarm,151,1
516,559,Xbuch,Xmaint,151,1
517,560,Xbuch,Xmaint,151,1
518,561,Xbuch,Xalarm,151,1
519,562,Xlevellow,Xmaint,152,1
520,563,Xlevelinc,Xmaint,152,1
521,564,Xseal,Xcontrol,153,1
522,565,Xseal,Xmaint,153,1
523,566,Xcontrol,Xcontrol,153,1
524,567,Xcontrol,Xmaint,153,1
525,568,Xseal,Xcontrol,154,1
526,569,Xcontrol,Xcontrol,154,1
527,571,Xseal,Xbreather,155,1
528,572,Xseal,Xmaint,155,1
529,573,Xseal,Xmaint,155,1
530,574,Xbreather,Xmaint,155,1
531,575,Xmaint,Xmaint,156,1
532,576,Xseal,Xmaint,156,1
533,577,Xseal,Xmaint,156,1
534,578,Xbreather,Xmaint,156,1
535,579,Xbreather,Xmaint,156,1
536,580,Xseal,Xtransformer,157,1
537,581,Xbreather,Xtransformer,157,1
538,582,Xfloat,Xmaint,158,1
539,583,Xfloat,Xmaint,158,1
540,584,Xbuch,Xmaint,158,1
541,585,Xbuch,Xmaint,158,1
542,587,Xlevellow,Xlevelinc,159,1
543,588,Xlevellow,Xmaint,159,1
544,589,Xlevellow,Xmaint,159,1
545,590,Xlevelinc,Xmaint,159,1
546,591,Xseal,Xmaint,160,1
547,592,Xbreather,Xmaint,160,1
548,593,Xseal,Xmaint,161,1
549,594,Xcontrol,Xmaint,161,1
550,596,Xlevellow,Xmaint,162,1
551,597,Xlevelinc,Xlevellow,162,1
552,598,Xlevelinc,Xmaint,162,1
553,599,Xlevellow,Xtransformer,163,1
554,600,Xlevellow,Xtransformer,163,1
555,601,Xlevelinc,Xtransformer,163,1
556,602,Xlevelinc,Xtransformer,163,1
557,603,Xseal,Xlevellow,164,1
558,604,Xind,Xlevellow,164,1
559,605,Xind,Xlevellow,164,1
560,606,Xtransformer,Xmaint,165,1
561,607,Xlevellow,Xtransformer,165,1
562,608,Xlevellow,Xmaint,165,1
563,609,Xlevelinc,Xtransformer,165,1
564,610,Xlevelinc,Xmaint,165,1
565,611,Xmaint,Xmaint,166,1
566,612,Xalarm,Xmaint,166,1
567,613,Xother,Xmaint,166,1
568,614,Xother,Xalarm,166,1
569,615,Xother,Xmaint,166,1
570,616,Xind,Xmaint,166,1
571,617,Xind,Xalarm,166,1
572,618,Xind,Xmaint,166,1
573,619,Xind,Xmaint,166,1
574,620,Xind,Xalarm,166,1
575,621,Xind,Xmaint,166,1
576,622,Xseal,Xbuch,167,1
577,623,Xseal,Xmaint,168,1
578,624,Xseal,Xmaint,168,1
579,625,Xbuch,Xmaint,168,1
580,626,Xseal,Xbreather,169,1
581,627,Xother,Xtransformer,170,1
582,628,Xother,Xtransformer,170,1
583,629,Xbreather,Xtransformer,170,1
584,630,Xbreather,Xtransformer,170,1
585,631,Xlevellow,Xtransformer,171,1
586,632,Xlevelinc,Xtransformer,171,1
587,634,Xlevellow,Xalarm,172,1
588,635,Xlevelinc,Xalarm,172,1
589,636,Xlevellow,Xmaint,173,1
590,637,Xlevelinc,Xmaint,173,1
591,638,Xother,Xind,174,1
592,639,Xother,Xind,174,1
593,640,Xother,Xmaint,174,1
594,641,Xother,Xmaint,174,1
595,642,Xind,Xmaint,174,1
596,643,Xind,Xmaint,174,1
597,644,Xother,Xind,175,1
598,645,Xother,Xind,175,1
599,646,Xother,Xmaint,175,1
600,647,Xother,Xmaint,175,1
601,648,Xind,Xmaint,175,1
602,649,Xind,Xmaint,175,1
603,650,Xtemp,Xalarm,176,1
604,651,Xtemp,Xalarm,176,1
605,652,Xbreather,Xalarm,176,1
606,653,Xother,Xtransformer,177,1
607,654,Xother,Xtransformer,177,1
608,655,Xother,Xtransformer,177,1
609,656,Xother,Xtransformer,177,1
610,657,Xcontrol,Xtransformer,177,1
611,658,Xcontrol,Xtransformer,177,1
612,659,Xother,Xcontrol,178,1
613,660,Xother,Xcontrol,178,1
614,661,Xseal,Xmaint,179,1
615,662,Xbreather,Xmaint,179,1
616,663,Xlevellow,Xtransformer,180,1
617,664,Xlevelinc,Xtransformer,180,1
618,666,Xlevellow,Xlevelinc,181,1
619,668,Xlevellow,Xtransformer,182,1
620,669,Xlevelinc,Xtransformer,182,1
621,671,Xlevellow,Xlevelinc,183,1
622,673,Xother,Xcontrol,184,1
623,674,Xtransformer,Xmaint,185,1
624,675,Xtransformer,Xmaint,185,1
625,676,Xbuch,Xtransformer,185,1
626,677,Xbuch,Xtransformer,185,1
627,678,Xbuch,Xmaint,185,1
628,682,Xcontrol,Xtransformer,185,1
629,683,Xcontrol,Xtransformer,185,1
630,684,Xcontrol,Xmaint,185,1
631,685,Xlevellow,Xmaint,186,1
632,686,Xlevellow,Xmaint,186,1
633,687,Xtemp,Xmaint,186,1
634,689,Xlevellow,Xlevelinc,186,1
635,690,Xlevellow,Xtemp,186,1
636,691,Xlevellow,Xmaint,186,1
637,692,Xlevelinc,Xlevellow,186,1
638,694,Xlevelinc,Xtemp,186,1
639,695,Xlevelinc,Xmaint,186,1
640,696,Xlevellow,Xlevellow,186,1
641,697,Xlevellow,Xlevelinc,186,1
642,698,Xlevellow,Xtemp,186,1
643,699,Xlevellow,Xmaint,186,1
644,701,Xlevellow,Xlevelinc,187,1
645,702,Xlevellow,Xmaint,187,1
646,703,Xlevellow,Xmaint,187,1
647,704,Xlevelinc,Xmaint,187,1
648,705,Xseal,Xtransformer,188,1
649,707,Xother,Xtransformer,189,1
650,708,Xother,Xtransformer,189,1
651,709,Xcontrol,Xtransformer,189,1
652,710,Xother,Xtransformer,190,1
653,711,Xcontrol,Xtransformer,190,1
654,712,Xlevellow,Xmaint,191,1
655,713,Xlevelinc,Xmaint,191,1
656,715,Xlevellow,Xlevelinc,192,1
657,716,Xlevellow,Xmaint,192,1
658,717,Xlevellow,Xmaint,192,1
659,718,Xlevelinc,Xmaint,192,1
660,719,Xother,Xcontrol,193,1
661,720,Xmaint,Xmaint,194,1
662,721,Xother,Xmaint,194,1
663,722,Xother,Xmaint,194,1
664,725,Xbuch,Xalarm,194,1
665,726,Xbuch,Xmaint,194,1
666,728,Xleak,Xmaint,195,1
667,729,Xlevellow,Xleak,195,1
668,730,Xlevellow,Xmaint,195,1
669,731,Xlevelinc,Xleak,195,1
670,732,Xlevelinc,Xmaint,195,1
671,734,Xleak,Xmaint,195,1
672,736,Xlevellow,Xmaint,196,1
673,737,Xlevellow,Xmaint,196,1
674,738,Xlevelinc,Xlevellow,196,1
675,739,Xlevelinc,Xmaint,196,1
676,740,Xlevelinc,Xmaint,196,1
677,741,Xlevellow,Xmaint,197,1
678,742,Xlevelinc,Xmaint,197,1
679,743,Xlevellow,Xmaint,198,1
680,744,Xlevelinc,Xmaint,198,1
681,745,Xlevellow,Xmaint,199,1
682,746,Xlevelinc,Xmaint,199,1
683,747,Xseal,Xbreather,200,1
684,748,Xbreather,Xbreather,200,1
685,749,Xseal,Xtransformer,201,1
686,750,Xbreather,Xtransformer,201,1
687,751,Xseal,Xtransformer,202,1
688,752,Xbreather,Xtransformer,202,1
689,753,Xother,Xtransformer,203,1
690,754,Xbreather,Xtransformer,203,1
691,756,Xlevellow,Xlevelinc,204,1
692,757,Xlevellow,Xmaint,204,1
693,758,Xlevellow,Xmaint,204,1
694,759,Xlevelinc,Xmaint,204,1
695,760,Xlevellow,Xmaint,205,1
696,761,Xlevelinc,Xmaint,205,1
697,762,Xseal,Xtransformer,206,1
698,763,Xbreather,Xtransformer,206,1
699,764,Xlevellow,Xmaint,207,1
700,765,Xlevelinc,Xmaint,207,1
701,766,Xother,Xtransformer,208,1
702,767,Xind,Xtransformer,208,1
703,768,Xind,Xtransformer,208,1
704,769,Xlevellow,Xtransformer,209,1
705,770,Xlevellow,Xtransformer,209,1
706,771,Xlevelinc,Xtransformer,209,1
707,772,Xlevelinc,Xtransformer,209,1
708,774,Xlevellow,Xlevelinc,210,1
709,775,Xtransformer,Xlevelinc,211,1
710,776,Xtransformer,Xlevelinc,211,1
711,777,Xlevellow,Xlevelinc,211,1
712,778,Xlevellow,Xlevelinc,211,1
713,779,Xother,Xtransformer,212,1
714,780,Xother,Xtransformer,212,1
715,781,Xother,Xtransformer,214,1
716,782,Xother,Xtransformer,214,1
717,783,Xcontrol,Xtransformer,214,1
718,785,Xlevellow,Xlevelinc,215,1
719,787,Xlevellow,Xtransformer,216,1
720,788,Xlevelinc,Xtransformer,216,1
721,790,Xfloat,Xbuch,217,1
722,791,Xfloat,Xmaint,217,1
723,792,Xfloat,Xbuch,217,1
724,793,Xfloat,Xmaint,217,1
725,794,Xfloat,Xmaint,217,1
726,795,Xfloat,Xmaint,217,1
727,796,Xbuch,Xmaint,217,1
728,797,Xother,Xtransformer,218,1
729,798,Xother,Xtransformer,218,1
730,799,Xother,Xtransformer,219,1
731,800,Xother,Xtransformer,219,1
732,801,Xcontrol,Xtransformer,219,1
733,802,Xother,Xtransformer,220,1
734,803,Xother,Xtransformer,220,1
735,804,Xcontrol,Xtransformer,220,1
736,805,Xother,Xtransformer,221,1
737,806,Xcontrol,Xtransformer,221,1
738,807,Xlevellow,Xmaint,222,1
739,808,Xlevelinc,Xmaint,222,1
740,809,Xlevellow,Xleak,223,1
741,810,Xlevelinc,Xleak,223,1
742,811,Xlevellow,Xmaint,224,1
743,812,Xlevelinc,Xmaint,224,1
744,815,Xseal,Xtransformer,226,1
745,817,Xseal,Xtransformer,227,1
746,818,Xseal,Xbreather,227,1
747,819,Xbreather,Xtransformer,227,1
748,820,Xbreather,Xbreather,227,1
749,821,Xseal,Xmaint,228,1
750,822,Xseal,Xmaint,228,1
751,823,Xbreather,Xmaint,228,1
752,824,Xbreather,Xmaint,228,1
753,825,Xother,Xmaint,229,1
754,826,Xother,Xmaint,229,1
755,827,Xother,Xmaint,229,1
756,828,Xother,Xmaint,229,1
757,830,Xlevellow,Xlevelinc,230,1
758,831,Xlevellow,Xmaint,230,1
759,832,Xlevellow,Xmaint,230,1
760,833,Xlevelinc,Xmaint,230,1
761,834,Xother,Xtransformer,231,1
762,835,Xother,Xtransformer,231,1
763,836,Xtransformer,Xmaint,232,1
764,837,Xtransformer,Xmaint,232,1
765,838,Xseal,Xtransformer,232,1
766,839,Xseal,Xmaint,232,1
767,840,Xseal,Xmaint,232,1
768,841,Xcontrol,Xtransformer,232,1
769,842,Xcontrol,Xmaint,232,1
770,843,Xcontrol,Xmaint,232,1
771,844,Xother,Xtransformer,233,1
772,845,Xbreather,Xtransformer,233,1
773,846,Xother,Xmaint,235,1
774,848,Xother,Xmaint,236,1
775,849,Xother,Xmaint,236,1
776,852,Xother,Xmaint,237,1
777,855,Xlevellow,Xlevelinc,238,1
778,857,Xseal,Xmaint,239,1
779,858,Xseal,Xmaint,239,1
780,859,Xbreather,Xmaint,239,1
781,860,Xbreather,Xmaint,239,1
782,861,Xseal,Xtransformer,240,1
783,862,Xseal,Xtransformer,240,1
784,863,Xseal,Xleak,241,1
785,864,Xseal,Xmaint,241,1
786,865,Xseal,Xmaint,241,1
787,866,Xseal,Xleak,241,1
788,867,Xseal,Xmaint,241,1
789,868,Xseal,Xmaint,241,1
790,869,Xseal,Xmaint,241,1
791,870,Xseal,Xmaint,241,1
792,871,Xseal,Xmaint,241,1
793,872,Xseal,Xmaint,241,1
794,873,Xleak,Xmaint,241,1
795,874,Xleak,Xmaint,241,1
796,875,Xind,Xind,242,1
797,876,Xind,Xind,242,1
798,877,Xind,Xmaint,242,1
799,878,Xind,Xmaint,242,1
800,880,Xind,Xind,242,1
801,881,Xind,Xmaint,242,1
802,882,Xind,Xmaint,242,1
803,883,Xind,Xind,242,1
804,884,Xind,Xmaint,242,1
805,885,Xind,Xmaint,242,1
806,887,Xind,Xmaint,242,1
807,888,Xind,Xmaint,242,1
808,889,Xind,Xind,242,1
809,890,Xind,Xmaint,242,1
810,891,Xind,Xmaint,242,1
811,892,Xother,Xtransformer,243,1
812,893,Xbreather,Xtransformer,243,1
813,894,Xother,Xcontrol,244,1
814,895,Xother,Xcontrol,244,1
815,896,Xseal,Xtransformer,245,1
816,897,Xseal,Xtransformer,245,1
817,898,Xbreather,Xtransformer,245,1
818,899,Xother,Xalarm,246,1
819,900,Xother,Xalarm,246,1
820,901,Xcontrol,Xalarm,246,1
821,902,Xseal,Xtransformer,247,1
822,904,Xseal,Xtransformer,248,1
823,906,Xother,Xtransformer,249,1
824,907,Xother,Xtransformer,249,1
825,908,Xcontrol,Xtransformer,249,1
826,909,Xother,Xbreather,250,1
827,910,Xother,Xbreather,250,1
828,911,Xcontrol,Xbreather,250,1
829,912,Xseal,Xtransformer,251,1
830,913,Xbreather,Xtransformer,251,1
831,914,Xother,Xmaint,252,1
832,915,Xother,Xmaint,252,1
833,916,Xseal,Xtransformer,253,1
834,917,Xbreather,Xtransformer,253,1
835,918,Xother,Xalarm,254,1
836,919,Xother,Xalarm,254,1
837,920,Xcontrol,Xalarm,254,1
838,921,Xseal,Xtransformer,255,1
839,922,Xbreather,Xtransformer,255,1
840,923,Xother,Xtransformer,256,1
841,924,Xother,Xbreather,256,1
842,925,Xother,Xtransformer,256,1
843,926,Xother,Xbreather,256,1
844,927,Xcontrol,Xtransformer,256,1
845,928,Xcontrol,Xbreather,256,1
846,929,Xlevellow,Xmaint,257,1
847,930,Xlevelinc,Xmaint,257,1
848,931,Xseal,Xtransformer,258,1
849,932,Xseal,Xtransformer,259,1
850,933,Xseal,Xtransformer,259,1
851,934,Xbreather,Xtransformer,259,1
852,935,Xbreather,Xtransformer,259,1
853,936,Xother,Xtransformer,260,1
854,937,Xother,Xbreather,260,1
855,938,Xother,Xtransformer,260,1
856,939,Xother,Xbreather,260,1
857,940,Xcontrol,Xtransformer,260,1
858,941,Xcontrol,Xbreather,260,1
859,942,Xother,Xother,261,1
860,943,Xother,Xmaint,261,1
861,944,Xother,Xmaint,261,1
862,945,Xother,Xmaint,261,1
863,946,Xother,Xmaint,261,1
864,947,Xother,Xmaint,261,1
865,948,Xother,Xmaint,261,1
866,949,Xseal,Xbreather,262,1
867,950,Xother,Xtransformer,263,1
868,952,Xother,Xbreather,264,1
869,953,Xseal,Xcontrol,265,1
870,954,Xother,Xtransformer,266,1
871,955,Xother,Xtransformer,266,1
872,956,Xcontrol,Xtransformer,266,1
873,957,Xseal,Xtransformer,267,1
874,959,Xseal,Xmaint,268,1
875,960,Xseal,Xmaint,268,1
876,961,Xbreather,Xmaint,268,1
877,962,Xbreather,Xmaint,268,1
878,964,Xseal,Xtransformer,270,1
879,965,Xbreather,Xtransformer,270,1
880,966,Xseal,Xlevellow,271,1
881,968,Xseal,Xtransformer,272,1
882,969,Xind,Xtransformer,272,1
883,970,Xind,Xtransformer,272,1
884,971,Xseal,Xtransformer,273,1
885,972,Xother,Xtransformer,273,1
886,973,Xseal,Xtransformer,274,1
887,974,Xbreather,Xtransformer,274,1
888,975,Xother,Xtransformer,275,1
889,976,Xother,Xtransformer,275,1
890,977,Xcontrol,Xtransformer,275,1
891,978,Xother,Xbreather,276,1
892,979,Xother,Xbreather,276,1
893,980,Xcontrol,Xbreather,276,1
894,981,Xother,Xbreather,277,1
895,982,Xother,Xbreather,277,1
896,983,Xcontrol,Xbreather,277,1
897,984,Xseal,Xtransformer,278,1
898,986,Xother,Xbreather,279,1
899,987,Xcontrol,Xbreather,279,1
900,988,Xother,Xbreather,280,1
901,989,Xcontrol,Xbreather,280,1
902,990,Xother,Xbreather,281,1
903,991,Xother,Xbreather,281,1
904,992,Xcontrol,Xbreather,281,1
905,993,Xlevellow,Xmaint,282,1
906,994,Xlevelinc,Xmaint,282,1
907,995,Xother,Xtransformer,283,1
908,996,Xother,Xtransformer,283,1
909,997,Xcontrol,Xtransformer,283,1
910,998,Xlevellow,Xmaint,284,1
911,999,Xlevellow,Xmaint,284,1
912,1000,Xlevelinc,Xmaint,284,1
913,1001,Xlevelinc,Xmaint,284,1
914,1002,Xtransformer,Xmaint,284,1
915,1003,Xtransformer,Xmaint,284,1
916,1004,Xother,Xmaint,284,1
917,1005,Xother,Xmaint,284,1
918,1006,Xseal,Xalarm,285,1
919,1007,Xbreather,Xalarm,285,1
920,1008,Xother,Xtransformer,286,1
921,1009,Xcontrol,Xtransformer,286,1
922,1010,Xother,Xbreather,287,1
923,1011,Xother,Xbreather,287,1
924,1012,Xcontrol,Xbreather,287,1
925,1013,Xother,Xtransformer,288,1
926,1014,Xother,Xtransformer,288,1
927,1015,Xother,Xbreather,289,1
928,1016,Xother,Xbreather,289,1
929,1017,Xcontrol,Xbreather,289,1
930,1018,Xbreather,Xtransformer,290,1
931,1019,Xbreather,Xtransformer,290,1
932,1020,Xseal,Xbreather,291,1
933,1021,Xseal,Xbreather,291,1
934,1022,Xother,Xtransformer,292,1
935,1023,Xother,Xtransformer,292,1
936,1024,Xcontrol,Xtransformer,292,1
937,1026,Xseal,Xmaint,293,1
938,1027,Xseal,Xmaint,293,1
939,1030,Xlevellow,Xalarm,294,1
940,1032,Xlevelinc,Xalarm,294,1
941,1035,Xother,Xbuch,295,1
942,1037,Xseal,Xbreather,296,1
943,1039,Xlevellow,Xtransformer,297,1
944,1040,Xlevelinc,Xtransformer,297,1
945,1041,Xseal,Xtransformer,298,1
946,1042,Xother,Xtransformer,298,1
947,1043,Xseal,Xlevellow,299,1
948,1044,Xind,Xlevellow,299,1
949,1045,Xind,Xlevellow,299,1
950,1046,Xother,Xbreather,300,1
951,1047,Xother,Xbreather,300,1
952,1048,Xcontrol,Xbreather,300,1
953,1049,Xother,Xtransformer,301,1
954,1050,Xother,Xtransformer,301,1
955,1051,Xcontrol,Xtransformer,301,1
956,1052,Xother,Xtransformer,302,1
957,1053,Xbuch,Xtransformer,302,1
958,1054,Xcontrol,Xtransformer,302,1
959,1055,Xother,Xtransformer,303,1
960,1056,Xother,Xtransformer,303,1
961,1057,Xcontrol,Xtransformer,303,1
962,1058,Xother,Xbreather,304,1
963,1059,Xother,Xbreather,304,1
964,1060,Xcontrol,Xbreather,304,1
965,1061,Xseal,Xtransformer,305,1
966,1062,Xleak,Xtransformer,305,1
967,1063,Xseal,Xmaint,306,1
968,1064,Xind,Xmaint,306,1
969,1065,Xind,Xmaint,306,1
970,1066,Xlevellow,Xtransformer,307,1
971,1067,Xlevellow,Xtransformer,307,1
972,1068,Xlevelinc,Xtransformer,307,1
973,1069,Xlevelinc,Xtransformer,307,1
974,1070,Xlevellow,Xtransformer,308,1
975,1071,Xlevelinc,Xtransformer,308,1
976,1073,Xlevellow,Xlevelinc,309,1
977,1074,Xlevellow,Xmaint,309,1
978,1075,Xlevellow,Xmaint,309,1
979,1076,Xlevelinc,Xmaint,309,1
980,1077,Xseal,Xind,310,1
981,1078,Xseal,Xmaint,310,1
982,1080,Xind,Xmaint,310,1
983,1081,Xind,Xind,310,1
984,1082,Xind,Xmaint,310,1
985,1083,Xseal,Xtransformer,311,1
986,1084,Xseal,Xcontrol,311,1
987,1085,Xbreather,Xtransformer,311,1
988,1086,Xbreather,Xcontrol,311,1
989,1087,Xseal,Xbuch,312,1
990,1088,Xseal,Xbuch,312,1
991,1089,Xlevellow,Xlevellow,313,1
992,1090,Xlevelinc,Xlevellow,313,1
993,1091,Xlevellow,Xtransformer,314,1
994,1092,Xlevelinc,Xtransformer,314,1
995,1093,Xseal,Xtransformer,315,1
996,1094,Xseal,Xcontrol,315,1
997,1095,Xbreather,Xtransformer,315,1
998,1096,Xbreather,Xcontrol,315,1
999,1097,Xseal,Xbreather,316,1
1000,1098,Xother,Xtransformer,317,1
1001,1099,Xother,Xtransformer,317,1
1002,1100,Xcontrol,Xtransformer,317,1
1003,1101,Xcontrol,Xtransformer,318,1
1004,1102,Xcontrol,Xtransformer,318,1
1005,1103,Xseal,Xbreather,319,1
1006,1104,Xlevellow,Xalarm,320,1
1007,1105,Xlevelinc,Xalarm,320,1
1008,1106,Xseal,Xind,321,1
1009,1107,Xseal,Xind,321,1
1010,1108,Xother,Xtransformer,322,1
1011,1109,Xother,Xtransformer,322,1
1012,1110,Xcontrol,Xtransformer,322,1
1013,1112,Xother,Xmaint,323,1
1014,1114,Xother,Xmaint,323,1
1015,1115,Xcontrol,Xother,323,1
1016,1116,Xcontrol,Xmaint,323,1